id,first_name,last_name,email,modules,Section
1640,Mara,Tideswell,maratideswell@supinfo.com,3ASPC,Lyon21
18,Hebert,Garton,hebertgarton@supinfo.com,5DOOP,Distanciel21
660,Blakeley,Steanyng,blakeleysteanyng@supinfo.com,2GRAP,Distanciel21
1929,Di,Sketcher,disketcher@supinfo.com,1WORK,Lille21
1745,Anabelle,Prisley,anabelleprisley@supinfo.com,2DTTL,Tours21
348,Mellie,Loughton,mellieloughton@supinfo.com,1TEAM,Caen21
1586,Sutherland,Aggott,sutherlandaggott@supinfo.com,3CCNA,Lille21
150,Stanislaus,Honnicott,stanislaushonnicott@supinfo.com,5RBIG,Caen21
125,Elisabet,Gillimgham,elisabetgillimgham@supinfo.com,5ITIL,Caen21
186,Ajay,Yockley,ajayyockley@supinfo.com,2DTTL,Paris21
1005,Marget,Echelle,margetechelle@supinfo.com,3AGIL,Lille21
1609,Curtice,Sharnock,curticesharnock@supinfo.com,5CCNA,Tours21
1183,Jessamine,Ballister,jessamineballister@supinfo.com,2DVST,Tours21
578,Juan,Sollitt,juansollitt@supinfo.com,4BOSS,Lille21
472,Burton,Gregr,burtongregr@supinfo.com,2PHPD,Distanciel21
1801,Terrance,Hetterich,terrancehetterich@supinfo.com,4SECU,Lille21
47,Dwain,Denmead,dwaindenmead@supinfo.com,4GDPR,Caen21
850,Averell,Driffield,averelldriffield@supinfo.com,1O365,Caen21
164,Nico,Joy,nicojoy@supinfo.com,1TEAM,Caen21
1131,Guillaume,Sexstone,guillaumesexstone@supinfo.com,1PYTH,Lille21
1530,Herrick,Tapson,herricktapson@supinfo.com,4BOSS,Caen21
391,Gigi,Darington,gigidarington@supinfo.com,4SECU,Lyon21
751,Jud,O' Scallan,judo' scallan@supinfo.com,5BLOC,Paris21
736,Elmo,Bakhrushin,elmobakhrushin@supinfo.com,3CCNA,Distanciel21
662,Helsa,Hiskey,helsahiskey@supinfo.com,1WORK,Caen21
1457,Allayne,Bollen,allaynebollen@supinfo.com,4AZUR,Distanciel21
29,Nikoletta,Skin,nikolettaskin@supinfo.com,4DOCKR,Lille21
99,Ode,Franck,odefranck@supinfo.com,1WORK,Caen21
439,Duffy,Cosstick,duffycosstick@supinfo.com,5CCNA,Lille21
1643,Kakalina,Joesbury,kakalinajoesbury@supinfo.com,5RBIG,Lille21
491,Reese,Sherred,reesesherred@supinfo.com,4BOSS,Paris21
1199,Larisa,Rudsdell,larisarudsdell@supinfo.com,1TEAM,Lille21
1967,Mirabella,Exelby,mirabellaexelby@supinfo.com,1WORK,Caen21
1098,Tonia,Renachowski,toniarenachowski@supinfo.com,1WORK,Lyon21
314,Vanya,Moat,vanyamoat@supinfo.com,4CHGM,Tours21
1376,Merridie,Roydon,merridieroydon@supinfo.com,5RBIG,Lille21
1892,Esteban,Cary,estebancary@supinfo.com,1WDEV,Lyon21
717,Kalil,Holworth,kalilholworth@supinfo.com,3ASPC,Caen21
519,Harmon,Rablin,harmonrablin@supinfo.com,3LPIC,Tours21
1260,Ruddy,Matthensen,ruddymatthensen@supinfo.com,4SECU,Lyon21
1737,Avram,Breeze,avrambreeze@supinfo.com,2DVST,Lille21
192,Colette,Dauby,colettedauby@supinfo.com,4BOSS,Lyon21
1108,Base,Draycott,basedraycott@supinfo.com,2AWSP,Tours21
662,Lew,Avory,lewavory@supinfo.com,3LPIC,Distanciel21
1130,Ekaterina,Bloomfield,ekaterinabloomfield@supinfo.com,2DTTL,Distanciel21
303,Osborn,Cathery,osborncathery@supinfo.com,4DOCKR,Paris21
1496,Hilly,Wise,hillywise@supinfo.com,3AGIL,Tours21
1521,Marie,Laingmaid,marielaingmaid@supinfo.com,3ASPC,Distanciel21
1198,Gussy,Cobden,gussycobden@supinfo.com,2JAVA,Paris21
1444,Brion,Espy,brionespy@supinfo.com,4BINT,Distanciel21
1718,Neall,Scotchmoor,neallscotchmoor@supinfo.com,2DVST,Distanciel21
1557,Falkner,Millea,falknermillea@supinfo.com,1TEAM,Paris21
1756,Cindra,Trussler,cindratrussler@supinfo.com,1ITWO,Tours21
1112,Stanly,Pimm,stanlypimm@supinfo.com,1TEAM,Caen21
1314,Arabel,Sisneros,arabelsisneros@supinfo.com,5DATA,Distanciel21
1663,Abagail,Trussman,abagailtrussman@supinfo.com,3ASPC,Caen21
1551,Candra,Isaacs,candraisaacs@supinfo.com,1TEAM,Paris21
1448,Neile,Climer,neileclimer@supinfo.com,3LPIC,Lille21
1415,Kenon,Jenkinson,kenonjenkinson@supinfo.com,5RBIG,Distanciel21
52,Marybeth,Kener,marybethkener@supinfo.com,3ANDM,Tours21
162,Mina,Trenbay,minatrenbay@supinfo.com,5DOOP,Paris21
735,Wyatt,Tryhorn,wyatttryhorn@supinfo.com,2DVST,Tours21
894,Janetta,Olivo,janettaolivo@supinfo.com,1WORK,Lyon21
216,Koenraad,Maykin,koenraadmaykin@supinfo.com,4BOSS,Lille21
893,Vassili,Handrok,vassilihandrok@supinfo.com,4CHGM,Paris21
1338,Teddi,Cicchitello,teddicicchitello@supinfo.com,4DOCKR,Caen21
1916,Joni,Snasel,jonisnasel@supinfo.com,4AZUR,Paris21
1583,Kym,Moller,kymmoller@supinfo.com,3CCNA,Caen21
930,Norris,Whitehouse,norriswhitehouse@supinfo.com,1WORK,Distanciel21
951,Darline,Hardinge,darlinehardinge@supinfo.com,4BOSS,Tours21
1265,Amelie,Baggaley,ameliebaggaley@supinfo.com,4BINT,Caen21
1800,Saleem,Ewence,saleemewence@supinfo.com,4CHGM,Paris21
681,Wynny,Alsina,wynnyalsina@supinfo.com,3LPIC,Lyon21
513,Perl,D'Arrigo,perld'arrigo@supinfo.com,4GDPR,Lille21
275,Rosella,Walasik,rosellawalasik@supinfo.com,2DVST,Tours21
272,Danice,Pentecust,danicepentecust@supinfo.com,4GDPR,Lyon21
840,Deane,Bocken,deanebocken@supinfo.com,3CCNA,Paris21
1395,Evelyn,Helling,evelynhelling@supinfo.com,3ANDM,Lille21
1769,Monika,Englefield,monikaenglefield@supinfo.com,4SECU,Lille21
192,Odette,Shiel,odetteshiel@supinfo.com,3CCNA,Paris21
993,Ralph,Rattenbury,ralphrattenbury@supinfo.com,5DOOP,Tours21
192,Meriel,Friett,merielfriett@supinfo.com,2DVST,Lille21
1843,Clemente,Ellingford,clementeellingford@supinfo.com,3ASPC,Paris21
1628,Barbabra,Kinnett,barbabrakinnett@supinfo.com,4DOCKR,Lille21
1195,Rheba,Clamp,rhebaclamp@supinfo.com,2DVST,Distanciel21
626,Wilma,Willoughey,wilmawilloughey@supinfo.com,5DOOP,Caen21
861,Noel,Hussy,noelhussy@supinfo.com,4DOCKR,Tours21
1218,Gaspar,Lowdwell,gasparlowdwell@supinfo.com,5BLOC,Distanciel21
1476,Sylvan,Barbe,sylvanbarbe@supinfo.com,3LPIC,Lille21
1865,Vivianne,Goldis,viviannegoldis@supinfo.com,3ASPC,Distanciel21
1439,Worthy,Crumley,worthycrumley@supinfo.com,5DOOP,Lille21
1498,Lockwood,Playfair,lockwoodplayfair@supinfo.com,3LPIC,Lyon21
589,Katharine,Haverson,katharinehaverson@supinfo.com,2GRAP,Paris21
597,Ave,Macallam,avemacallam@supinfo.com,4DOCKR,Distanciel21
1710,Rozalie,Denyukin,rozaliedenyukin@supinfo.com,1WORK,Caen21
126,Glori,St. Aubyn,glorist. aubyn@supinfo.com,4SECU,Paris21
1129,Aguie,Van Der Walt,aguievan der walt@supinfo.com,4DOCKR,Caen21
753,Sonia,Reeme,soniareeme@supinfo.com,5DATA,Lille21
160,Oralee,Demageard,oraleedemageard@supinfo.com,2DTTL,Lille21
1544,Dianemarie,Castane,dianemariecastane@supinfo.com,4BINT,Lyon21
1574,Durand,Swinnerton,durandswinnerton@supinfo.com,4AZUR,Lille21
1602,Helge,Armitt,helgearmitt@supinfo.com,4CHGM,Distanciel21
973,Rhetta,Backshall,rhettabackshall@supinfo.com,2AWSP,Lille21
533,Efrem,Guyet,efremguyet@supinfo.com,5DATA,Caen21
1546,Ted,Walworche,tedwalworche@supinfo.com,5RBIG,Paris21
124,Romain,Stillgoe,romainstillgoe@supinfo.com,1O365,Distanciel21
1839,Dorthea,Shallo,dortheashallo@supinfo.com,4CHGM,Caen21
1660,Sisile,Fidell,sisilefidell@supinfo.com,5RBIG,Paris21
85,Drusi,Twitty,drusitwitty@supinfo.com,5RBIG,Paris21
1733,Catlaina,Scamadine,catlainascamadine@supinfo.com,5RBIG,Lyon21
861,Phyllis,Shead,phyllisshead@supinfo.com,5ITIL,Lille21
1688,Jamie,Oldnall,jamieoldnall@supinfo.com,3AGIL,Lille21
355,Ermina,Castiello,erminacastiello@supinfo.com,1PYTH,Lyon21
61,Alysia,Wimpenny,alysiawimpenny@supinfo.com,5CCNA,Distanciel21
495,Marlon,Noto,marlonnoto@supinfo.com,1TEAM,Distanciel21
1343,Gavan,Gooch,gavangooch@supinfo.com,5RBIG,Distanciel21
1154,Carlotta,Hedman,carlottahedman@supinfo.com,1O365,Paris21
925,Georgianna,Cuphus,georgiannacuphus@supinfo.com,4BOSS,Caen21
277,Dari,Algeo,darialgeo@supinfo.com,5CCNA,Lyon21
1429,Gasparo,Isenor,gasparoisenor@supinfo.com,4SECU,Lille21
1096,Edie,Colloff,ediecolloff@supinfo.com,4DOCKR,Paris21
1697,Igor,Pawlett,igorpawlett@supinfo.com,5DATA,Tours21
1622,Junie,Coggin,juniecoggin@supinfo.com,5DOOP,Lille21
919,Phylis,Petrollo,phylispetrollo@supinfo.com,2JAVA,Paris21
241,Karney,Brion,karneybrion@supinfo.com,4AZUR,Lyon21
97,Pru,Emptage,pruemptage@supinfo.com,2AWSP,Paris21
1296,Gussi,Urrey,gussiurrey@supinfo.com,3ANDM,Lyon21
774,Holt,Dawdry,holtdawdry@supinfo.com,1WORK,Caen21
1852,Lyndy,Booi,lyndybooi@supinfo.com,2GRAP,Lyon21
1664,Duky,Huet,dukyhuet@supinfo.com,3CCNA,Lille21
795,Sondra,Cordle,sondracordle@supinfo.com,5CCNA,Caen21
602,Berti,Hazeldene,bertihazeldene@supinfo.com,4BOSS,Paris21
1414,Audra,Pedrocchi,audrapedrocchi@supinfo.com,4BINT,Lille21
1395,Hamel,Whales,hamelwhales@supinfo.com,2JAVA,Caen21
1117,Darsey,Facey,darseyfacey@supinfo.com,4BINT,Caen21
1893,Mureil,Eversfield,mureileversfield@supinfo.com,1WDEV,Lyon21
416,Cordula,Jotcham,cordulajotcham@supinfo.com,2DVST,Lyon21
1349,Jeanne,Cubuzzi,jeannecubuzzi@supinfo.com,2JAVA,Tours21
1428,Pam,Barg,pambarg@supinfo.com,2JAVA,Caen21
1098,Wayland,Tuberfield,waylandtuberfield@supinfo.com,5DATA,Lyon21
411,Hersh,Blundan,hershblundan@supinfo.com,4BOSS,Distanciel21
1946,Katerine,Motte,katerinemotte@supinfo.com,4AZUR,Distanciel21
514,Hadley,Seer,hadleyseer@supinfo.com,4AZUR,Distanciel21
792,Emmeline,Wisker,emmelinewisker@supinfo.com,3AGIL,Caen21
1577,Moselle,Staker,mosellestaker@supinfo.com,1O365,Lyon21
254,Selle,Dymond,selledymond@supinfo.com,4DOCKR,Paris21
1669,Sylvester,Dearnly,sylvesterdearnly@supinfo.com,3ASPC,Distanciel21
230,Lacey,Heersema,laceyheersema@supinfo.com,1TEAM,Tours21
1632,Christal,Watkiss,christalwatkiss@supinfo.com,5BLOC,Caen21
1451,Ryann,Ianilli,ryannianilli@supinfo.com,4SECU,Tours21
944,Karlen,Woehler,karlenwoehler@supinfo.com,5BLOC,Lille21
1210,Anne-marie,Missington,anne-mariemissington@supinfo.com,4GDPR,Tours21
948,Sayre,Mattocks,sayremattocks@supinfo.com,2GRAP,Paris21
886,Corella,Glaze,corellaglaze@supinfo.com,1O365,Tours21
866,Thurstan,Villalta,thurstanvillalta@supinfo.com,3AGIL,Distanciel21
808,Tedra,Bamforth,tedrabamforth@supinfo.com,5BLOC,Paris21
1161,Graig,McGaw,graigmcgaw@supinfo.com,4BOSS,Distanciel21
1230,Freddie,De Bischof,freddiede bischof@supinfo.com,2AWSP,Distanciel21
229,Kaja,Alpine,kajaalpine@supinfo.com,4DOCKR,Caen21
1752,Germana,Gilstoun,germanagilstoun@supinfo.com,5CCNA,Distanciel21
1455,Shermie,Mercey,shermiemercey@supinfo.com,1PYTH,Tours21
217,Rubetta,Lumbly,rubettalumbly@supinfo.com,4DOCKR,Lyon21
1134,Eloise,Barenski,eloisebarenski@supinfo.com,1ITWO,Distanciel21
470,Kerwinn,Kik,kerwinnkik@supinfo.com,4BOSS,Distanciel21
533,Eugenia,Radbourne,eugeniaradbourne@supinfo.com,3LPIC,Lille21
851,Mariska,Freeman,mariskafreeman@supinfo.com,2JAVA,Tours21
706,Andres,Spaxman,andresspaxman@supinfo.com,1PYTH,Lille21
1962,Gawen,Boissier,gawenboissier@supinfo.com,5CCNA,Tours21
1341,Stephannie,Jelkes,stephanniejelkes@supinfo.com,2GRAP,Caen21
1750,Rene,Barkly,renebarkly@supinfo.com,2PHPD,Distanciel21
790,Brita,Pigden,britapigden@supinfo.com,5DOOP,Distanciel21
892,Georas,Dalliwatr,georasdalliwatr@supinfo.com,5CCNA,Lyon21
1022,Delmer,Fortescue,delmerfortescue@supinfo.com,2DVST,Distanciel21
219,Patrica,Tattam,patricatattam@supinfo.com,4AZUR,Lyon21
446,Latia,Wroth,latiawroth@supinfo.com,3ANDM,Distanciel21
1437,Shalna,Chaudron,shalnachaudron@supinfo.com,2DTTL,Tours21
210,Naomi,Drewson,naomidrewson@supinfo.com,2PHPD,Lyon21
1066,Christie,Darnbrough,christiedarnbrough@supinfo.com,2PHPD,Distanciel21
347,Cordey,Brandon,cordeybrandon@supinfo.com,1ITWO,Tours21
141,Paddy,Milthorpe,paddymilthorpe@supinfo.com,1O365,Paris21
1131,Cameron,Hacquoil,cameronhacquoil@supinfo.com,2DTTL,Paris21
957,Esta,Papen,estapapen@supinfo.com,5BLOC,Distanciel21
1016,Wilburt,Coggles,wilburtcoggles@supinfo.com,3ASPC,Tours21
664,Erick,Elflain,erickelflain@supinfo.com,1TEAM,Caen21
964,Karoly,Tegler,karolytegler@supinfo.com,2JAVA,Lyon21
261,Valli,Farnon,vallifarnon@supinfo.com,3AGIL,Paris21
1765,Teddie,Benedicto,teddiebenedicto@supinfo.com,5CCNA,Caen21
507,Aurea,Graves,aureagraves@supinfo.com,2AWSP,Distanciel21
540,Mickie,Derell,mickiederell@supinfo.com,5BLOC,Lyon21
736,Prissie,Bolley,prissiebolley@supinfo.com,4DOCKR,Paris21
1636,Doug,Hamman,doughamman@supinfo.com,5ITIL,Tours21
1728,Mable,Fairholme,mablefairholme@supinfo.com,5CCNA,Lille21
963,Adey,Crowcroft,adeycrowcroft@supinfo.com,2AWSP,Tours21
709,Mead,Hugh,meadhugh@supinfo.com,1ITWO,Lille21
1947,Mollie,Pichan,molliepichan@supinfo.com,5ITIL,Lyon21
948,Ferrell,Eilles,ferrelleilles@supinfo.com,5DATA,Tours21
867,Joyous,Blockey,joyousblockey@supinfo.com,4GDPR,Distanciel21
1494,Jacinthe,Koppelmann,jacinthekoppelmann@supinfo.com,5RBIG,Caen21
1894,Kylila,Allabarton,kylilaallabarton@supinfo.com,5BLOC,Lyon21
1337,Meredeth,Kopf,meredethkopf@supinfo.com,1WORK,Caen21
967,Ezechiel,Goodbourn,ezechielgoodbourn@supinfo.com,3AGIL,Lyon21
1862,Johnette,Sindall,johnettesindall@supinfo.com,2DVST,Lyon21
1517,Dasie,Halesworth,dasiehalesworth@supinfo.com,5DATA,Lille21
366,Olimpia,McMenemy,olimpiamcmenemy@supinfo.com,4GDPR,Tours21
865,Simona,Tuffs,simonatuffs@supinfo.com,3ANDM,Distanciel21
602,Rea,Goodread,reagoodread@supinfo.com,4SECU,Tours21
1981,William,Menis,williammenis@supinfo.com,2AWSP,Distanciel21
1818,Ilaire,Neathway,ilaireneathway@supinfo.com,5DOOP,Lille21
1987,Dorey,Mogford,doreymogford@supinfo.com,1WORK,Lyon21
1181,Vivien,Jessard,vivienjessard@supinfo.com,3LPIC,Caen21
130,Jillie,Mulrooney,jilliemulrooney@supinfo.com,1ITWO,Lyon21
1614,Luciana,Balducci,lucianabalducci@supinfo.com,3LPIC,Distanciel21
147,Laverne,Parsonson,laverneparsonson@supinfo.com,1TEAM,Caen21
1291,Clifford,Lindbergh,cliffordlindbergh@supinfo.com,2DVST,Lyon21
3,Wilie,Albarez,wiliealbarez@supinfo.com,3LPIC,Distanciel21
1149,Phyllis,Norwell,phyllisnorwell@supinfo.com,5BLOC,Lyon21
1887,Dinah,Clausen,dinahclausen@supinfo.com,3ASPC,Distanciel21
231,Bamby,Velte,bambyvelte@supinfo.com,2GRAP,Tours21
1082,Theodoric,Mordanti,theodoricmordanti@supinfo.com,2PHPD,Tours21
769,Worth,Cuming,worthcuming@supinfo.com,2DVST,Tours21
1135,Lonna,de Copeman,lonnade copeman@supinfo.com,4GDPR,Caen21
653,Rosella,Yakhin,rosellayakhin@supinfo.com,4DOCKR,Paris21
1936,Myriam,Doorly,myriamdoorly@supinfo.com,1TEAM,Distanciel21
1092,Aldin,Cuthbertson,aldincuthbertson@supinfo.com,2JAVA,Distanciel21
1449,Tessa,Crombleholme,tessacrombleholme@supinfo.com,2GRAP,Lille21
1866,Abbe,Ivan,abbeivan@supinfo.com,3CCNA,Lille21
728,Celene,Penk,celenepenk@supinfo.com,1O365,Caen21
1501,Jilli,Manchester,jillimanchester@supinfo.com,4BOSS,Paris21
642,Tomasina,Bras,tomasinabras@supinfo.com,2JAVA,Lyon21
1603,Ludvig,Willicott,ludvigwillicott@supinfo.com,1WDEV,Lyon21
552,Luise,Christall,luisechristall@supinfo.com,5RBIG,Tours21
29,Gordan,Glowinski,gordanglowinski@supinfo.com,2DTTL,Tours21
281,Clementina,Andreassen,clementinaandreassen@supinfo.com,3CCNA,Tours21
777,Randolph,Yegorkin,randolphyegorkin@supinfo.com,3AGIL,Caen21
1233,Minny,Atrill,minnyatrill@supinfo.com,5CCNA,Distanciel21
1641,Chev,Creelman,chevcreelman@supinfo.com,5RBIG,Distanciel21
1619,Aubrette,Fromont,aubrettefromont@supinfo.com,2DTTL,Caen21
206,Dominick,Farrens,dominickfarrens@supinfo.com,1WORK,Lille21
104,Irving,Turvey,irvingturvey@supinfo.com,5RBIG,Paris21
1666,Parke,Giorgeschi,parkegiorgeschi@supinfo.com,2AWSP,Lyon21
744,Den,Colmore,dencolmore@supinfo.com,2DTTL,Distanciel21
1271,Ginger,Evangelinos,gingerevangelinos@supinfo.com,5ITIL,Tours21
650,Marquita,Hunnawill,marquitahunnawill@supinfo.com,5RBIG,Lille21
602,Harbert,Limpkin,harbertlimpkin@supinfo.com,1ITWO,Paris21
947,Theresita,Cowperthwaite,theresitacowperthwaite@supinfo.com,2GRAP,Distanciel21
1159,Evangeline,Coston,evangelinecoston@supinfo.com,5RBIG,Paris21
357,Suzann,Hush,suzannhush@supinfo.com,1WDEV,Distanciel21
314,Lenard,Taffie,lenardtaffie@supinfo.com,2AWSP,Paris21
380,Nancee,Elam,nanceeelam@supinfo.com,3LPIC,Distanciel21
388,Gianna,McCartney,giannamccartney@supinfo.com,1O365,Paris21
265,Maurita,Greatham,mauritagreatham@supinfo.com,5DOOP,Lille21
1905,Torrin,Vaneev,torrinvaneev@supinfo.com,4BOSS,Paris21
536,Kip,Devin,kipdevin@supinfo.com,3CCNA,Paris21
1617,Calida,Beckhouse,calidabeckhouse@supinfo.com,5BLOC,Lille21
1186,Cob,Fettiplace,cobfettiplace@supinfo.com,3LPIC,Lyon21
1503,Rubie,Jakubovski,rubiejakubovski@supinfo.com,3CCNA,Tours21
94,Levon,Fibbens,levonfibbens@supinfo.com,5RBIG,Caen21
1402,Bernie,Nesey,bernienesey@supinfo.com,3LPIC,Caen21
1175,Costanza,Goburn,costanzagoburn@supinfo.com,4GDPR,Paris21
1430,Griswold,Cottell,griswoldcottell@supinfo.com,4DOCKR,Tours21
1367,Ardenia,Guihen,ardeniaguihen@supinfo.com,3LPIC,Paris21
1980,Rivy,Paling,rivypaling@supinfo.com,3ANDM,Lyon21
280,Audry,Axelby,audryaxelby@supinfo.com,1PYTH,Paris21
1008,Wakefield,Dunphy,wakefielddunphy@supinfo.com,5ITIL,Tours21
695,Adolph,Babbs,adolphbabbs@supinfo.com,1WORK,Distanciel21
229,Ebenezer,Laux,ebenezerlaux@supinfo.com,1ITWO,Paris21
1285,Mozes,Mathieu,mozesmathieu@supinfo.com,1WDEV,Distanciel21
295,Cassandry,Armatys,cassandryarmatys@supinfo.com,3LPIC,Paris21
107,Bernardo,Broom,bernardobroom@supinfo.com,3AGIL,Distanciel21
1842,Bette,Probey,betteprobey@supinfo.com,5DOOP,Paris21
1266,Fred,Eubank,fredeubank@supinfo.com,3ANDM,Caen21
100,Davita,Oram,davitaoram@supinfo.com,2PHPD,Paris21
734,Elmo,Wood,elmowood@supinfo.com,1ITWO,Paris21
1056,Doug,Husbands,doughusbands@supinfo.com,4BOSS,Distanciel21
203,Glory,Guinnane,gloryguinnane@supinfo.com,3LPIC,Lyon21
560,Lyndsay,Coetzee,lyndsaycoetzee@supinfo.com,4AZUR,Paris21
384,Annabela,Looney,annabelalooney@supinfo.com,2GRAP,Tours21
899,Irena,Flatt,irenaflatt@supinfo.com,4AZUR,Paris21
862,Kendra,Savidge,kendrasavidge@supinfo.com,2GRAP,Tours21
1381,Georgie,Roscam,georgieroscam@supinfo.com,1O365,Lille21
1329,Agnella,Arne,agnellaarne@supinfo.com,4SECU,Paris21
665,Neysa,Copcott,neysacopcott@supinfo.com,4BOSS,Tours21
1822,Frazier,Maciejewski,fraziermaciejewski@supinfo.com,3ANDM,Caen21
1718,Abbott,Aleksankin,abbottaleksankin@supinfo.com,3ANDM,Lille21
800,Collen,Croom,collencroom@supinfo.com,4DOCKR,Paris21
356,Torey,Towson,toreytowson@supinfo.com,4SECU,Tours21
1211,Sergei,Spragg,sergeispragg@supinfo.com,5DOOP,Distanciel21
1649,Flynn,Truce,flynntruce@supinfo.com,4AZUR,Lille21
1209,Jessie,Heathcote,jessieheathcote@supinfo.com,2DVST,Lille21
1495,Boigie,Molen,boigiemolen@supinfo.com,5ITIL,Tours21
1196,Armando,Goose,armandogoose@supinfo.com,5DATA,Tours21
1314,Bettina,Ring,bettinaring@supinfo.com,5RBIG,Lyon21
1275,Shoshanna,Oughtright,shoshannaoughtright@supinfo.com,2PHPD,Lyon21
669,Cindie,Feechum,cindiefeechum@supinfo.com,4DOCKR,Distanciel21
172,Humfrey,Bragg,humfreybragg@supinfo.com,5ITIL,Lille21
213,Trude,Abden,trudeabden@supinfo.com,1O365,Tours21
1189,Gwenni,Bitchener,gwennibitchener@supinfo.com,4CHGM,Distanciel21
721,Aaren,Kedie,aarenkedie@supinfo.com,2JAVA,Distanciel21
1731,Rayna,Galea,raynagalea@supinfo.com,3ANDM,Tours21
1493,Kare,Higounet,karehigounet@supinfo.com,2DVST,Distanciel21
1636,Karee,Arnaudot,kareearnaudot@supinfo.com,3LPIC,Distanciel21
1088,Burty,Whewill,burtywhewill@supinfo.com,2AWSP,Tours21
735,Richard,Dosdell,richarddosdell@supinfo.com,1ITWO,Lyon21
506,Peggi,Iban,peggiiban@supinfo.com,3AGIL,Tours21
1028,Barde,Draijer,bardedraijer@supinfo.com,5DOOP,Caen21
517,Honor,Mattacks,honormattacks@supinfo.com,4GDPR,Lyon21
729,Fraze,Macura,frazemacura@supinfo.com,5CCNA,Caen21
1946,Brandea,Boyan,brandeaboyan@supinfo.com,2DTTL,Caen21
1264,Tobye,Durden,tobyedurden@supinfo.com,1WDEV,Lyon21
691,Charlotta,Ismirnioglou,charlottaismirnioglou@supinfo.com,2PHPD,Lille21
604,Hortensia,Farlamb,hortensiafarlamb@supinfo.com,5ITIL,Lyon21
1745,Antoinette,Nunnery,antoinettenunnery@supinfo.com,4SECU,Caen21
930,Jermaine,Fidler,jermainefidler@supinfo.com,4CHGM,Lyon21
924,Jessie,Collelton,jessiecollelton@supinfo.com,5DATA,Lyon21
1106,Andonis,Leyband,andonisleyband@supinfo.com,1WORK,Distanciel21
1559,Leeanne,Dodgshun,leeannedodgshun@supinfo.com,4GDPR,Tours21
516,Mariquilla,Lalor,mariquillalalor@supinfo.com,2DTTL,Lille21
651,Rose,Jizhaki,rosejizhaki@supinfo.com,4SECU,Paris21
1285,Velvet,Sawl,velvetsawl@supinfo.com,1TEAM,Lyon21
287,Floris,Tunder,floristunder@supinfo.com,1WORK,Lyon21
1860,De witt,Wigley,de wittwigley@supinfo.com,1O365,Lille21
1736,Tomaso,Dibden,tomasodibden@supinfo.com,5DOOP,Caen21
1810,De,Jilkes,dejilkes@supinfo.com,5ITIL,Distanciel21
1533,Magdalena,Gilogly,magdalenagilogly@supinfo.com,2GRAP,Distanciel21
1601,Mattie,Wharton,mattiewharton@supinfo.com,4BINT,Lyon21
1446,Katya,Di Domenico,katyadi domenico@supinfo.com,1PYTH,Caen21
1424,Eliza,Winfrey,elizawinfrey@supinfo.com,2AWSP,Lyon21
25,Claribel,Limbert,claribellimbert@supinfo.com,3ANDM,Lyon21
61,Christyna,Barajaz,christynabarajaz@supinfo.com,4DOCKR,Paris21
561,Stephanie,Artharg,stephanieartharg@supinfo.com,1WDEV,Caen21
1603,Thornie,Spincks,thorniespincks@supinfo.com,2AWSP,Distanciel21
504,Cookie,Gerardet,cookiegerardet@supinfo.com,2JAVA,Lille21
517,Jeralee,Winckles,jeraleewinckles@supinfo.com,5BLOC,Distanciel21
1791,Joyann,Boni,joyannboni@supinfo.com,4BINT,Lille21
855,Ynes,Seth,ynesseth@supinfo.com,3CCNA,Lille21
1078,Timmie,Mitchenson,timmiemitchenson@supinfo.com,3ASPC,Lyon21
569,Aurelia,Colum,aureliacolum@supinfo.com,5BLOC,Tours21
362,Fawne,Bilovus,fawnebilovus@supinfo.com,3CCNA,Tours21
1346,Faina,Blaney,fainablaney@supinfo.com,3CCNA,Paris21
1814,Emeline,Sedgman,emelinesedgman@supinfo.com,3CCNA,Lille21
1210,Karia,Caldwall,kariacaldwall@supinfo.com,2JAVA,Distanciel21
800,Artus,Clough,artusclough@supinfo.com,1WORK,Lille21
1489,Ashby,Chung,ashbychung@supinfo.com,2JAVA,Distanciel21
1002,Idaline,Pettis,idalinepettis@supinfo.com,2DTTL,Distanciel21
1395,Kath,Antyukhin,kathantyukhin@supinfo.com,1WDEV,Lyon21
1515,Garik,Harrismith,garikharrismith@supinfo.com,5BLOC,Distanciel21
740,Duky,Grigoire,dukygrigoire@supinfo.com,5BLOC,Paris21
1344,Avrom,Parkyns,avromparkyns@supinfo.com,3LPIC,Distanciel21
151,Darda,Jillitt,dardajillitt@supinfo.com,2GRAP,Distanciel21
1382,Irene,Shallcross,ireneshallcross@supinfo.com,2JAVA,Paris21
1716,Wylie,Pendrid,wyliependrid@supinfo.com,3ASPC,Lyon21
751,Claire,Holyland,claireholyland@supinfo.com,3ASPC,Distanciel21
1997,Ddene,Aldred,ddenealdred@supinfo.com,1ITWO,Tours21
1391,Valry,Curror,valrycurror@supinfo.com,5DOOP,Lyon21
1123,Sven,Flescher,svenflescher@supinfo.com,4AZUR,Paris21
1209,Mirella,Fitter,mirellafitter@supinfo.com,5BLOC,Caen21
3,Ilaire,Roscher,ilaireroscher@supinfo.com,4BINT,Lyon21
1429,Derick,Faraker,derickfaraker@supinfo.com,4BOSS,Lille21
970,Bartlet,Marfe,bartletmarfe@supinfo.com,3CCNA,Distanciel21
569,Bondie,Jackman,bondiejackman@supinfo.com,2DVST,Lille21
1161,Pooh,Karczinski,poohkarczinski@supinfo.com,1WORK,Paris21
995,Shir,Morrissey,shirmorrissey@supinfo.com,4CHGM,Distanciel21
1697,Alika,Amorts,alikaamorts@supinfo.com,4BOSS,Lille21
1648,Taber,Cheak,tabercheak@supinfo.com,4GDPR,Distanciel21
1335,Vanda,Bilbie,vandabilbie@supinfo.com,5DOOP,Tours21
952,Kasper,Siegertsz,kaspersiegertsz@supinfo.com,3LPIC,Distanciel21
1588,Myranda,Slyman,myrandaslyman@supinfo.com,2GRAP,Paris21
869,Sloan,Bernardin,sloanbernardin@supinfo.com,2AWSP,Distanciel21
1356,Keely,Springtorpe,keelyspringtorpe@supinfo.com,4GDPR,Lyon21
554,Rosamond,Maybery,rosamondmaybery@supinfo.com,2DVST,Paris21
617,Quinta,Haps,quintahaps@supinfo.com,1TEAM,Lille21
1476,Keefer,Foort,keeferfoort@supinfo.com,5DATA,Lille21
1016,Reena,Tuite,reenatuite@supinfo.com,4AZUR,Lille21
1169,Glori,Biaggioli,gloribiaggioli@supinfo.com,1WDEV,Tours21
227,Geoffrey,Petrak,geoffreypetrak@supinfo.com,2AWSP,Distanciel21
138,Zerk,Forson,zerkforson@supinfo.com,4GDPR,Caen21
501,Mead,Woodham,meadwoodham@supinfo.com,1TEAM,Tours21
294,Cordelie,Pleavin,cordeliepleavin@supinfo.com,4SECU,Distanciel21
665,Josselyn,Shufflebotham,josselynshufflebotham@supinfo.com,2DTTL,Lyon21
556,Paulina,Densie,paulinadensie@supinfo.com,5RBIG,Caen21
1119,Georgina,Polgreen,georginapolgreen@supinfo.com,2PHPD,Paris21
360,Thatch,Costin,thatchcostin@supinfo.com,3LPIC,Lyon21
1017,Mikol,Tiner,mikoltiner@supinfo.com,4SECU,Paris21
1673,Isa,Ambrogiotti,isaambrogiotti@supinfo.com,3ASPC,Distanciel21
1647,Tracey,Kirke,traceykirke@supinfo.com,1TEAM,Caen21
951,Yancey,Danett,yanceydanett@supinfo.com,3AGIL,Lyon21
1651,Neils,Pitcaithley,neilspitcaithley@supinfo.com,4BINT,Lyon21
1814,Tanney,Arlidge,tanneyarlidge@supinfo.com,2PHPD,Lyon21
1978,Bev,Shirer,bevshirer@supinfo.com,4SECU,Tours21
1933,Rozelle,Hedger,rozellehedger@supinfo.com,5DATA,Paris21
1761,Mar,Jonke,marjonke@supinfo.com,2JAVA,Tours21
1466,Eleonore,Brophy,eleonorebrophy@supinfo.com,1WDEV,Paris21
1080,Rowena,Brauner,rowenabrauner@supinfo.com,1PYTH,Lyon21
173,Samantha,Danell,samanthadanell@supinfo.com,3LPIC,Distanciel21
1729,Giustina,Breton,giustinabreton@supinfo.com,2DVST,Lyon21
1761,Kale,Simoes,kalesimoes@supinfo.com,1WORK,Paris21
1982,Francklyn,O'Nowlan,francklyno'nowlan@supinfo.com,5DATA,Paris21
594,Zak,Foye,zakfoye@supinfo.com,2DVST,Paris21
1728,Averil,Schroder,averilschroder@supinfo.com,5DATA,Lille21
1016,Maxim,Greensall,maximgreensall@supinfo.com,1O365,Distanciel21
329,Henrie,Dict,henriedict@supinfo.com,2JAVA,Distanciel21
1426,Marlena,Crittal,marlenacrittal@supinfo.com,3ANDM,Lille21
1912,Darell,Tingle,darelltingle@supinfo.com,4GDPR,Tours21
1278,Arabela,Killich,arabelakillich@supinfo.com,4BINT,Distanciel21
1056,Annis,Rasor,annisrasor@supinfo.com,4BOSS,Distanciel21
541,Wain,Cominotti,waincominotti@supinfo.com,1ITWO,Tours21
643,Marcela,Pocke,marcelapocke@supinfo.com,5BLOC,Paris21
938,Peyton,Hanham,peytonhanham@supinfo.com,3LPIC,Distanciel21
961,Davie,Toppin,davietoppin@supinfo.com,4GDPR,Lille21
201,Brier,Mowen,briermowen@supinfo.com,2PHPD,Tours21
606,Jesus,Allwell,jesusallwell@supinfo.com,5ITIL,Lyon21
1248,Carine,Jolley,carinejolley@supinfo.com,2PHPD,Distanciel21
510,Zaccaria,Brabon,zaccariabrabon@supinfo.com,4SECU,Distanciel21
353,Ber,Lebreton,berlebreton@supinfo.com,5BLOC,Lyon21
950,Fanni,Eldritt,fannieldritt@supinfo.com,3AGIL,Caen21
896,Erich,Burner,erichburner@supinfo.com,5ITIL,Lyon21
1727,Nichols,Wringe,nicholswringe@supinfo.com,3ASPC,Lyon21
196,Cosme,Masser,cosmemasser@supinfo.com,4BINT,Lyon21
652,Lorelle,Baack,lorellebaack@supinfo.com,3ANDM,Paris21
1347,Chris,Coldbath,chriscoldbath@supinfo.com,4AZUR,Lille21
1587,Sebastian,Cabotto,sebastiancabotto@supinfo.com,4CHGM,Lille21
1742,Dorene,Thoresby,dorenethoresby@supinfo.com,4AZUR,Distanciel21
1423,Flem,Olivie,flemolivie@supinfo.com,1O365,Caen21
450,Karmen,Gretham,karmengretham@supinfo.com,4AZUR,Lyon21
520,Bernardine,Bernardotte,bernardinebernardotte@supinfo.com,5BLOC,Paris21
719,Tandy,Gulston,tandygulston@supinfo.com,4SECU,Paris21
1221,Corella,Syphas,corellasyphas@supinfo.com,2DTTL,Lille21
188,Archibald,Steiner,archibaldsteiner@supinfo.com,2PHPD,Distanciel21
607,Erika,Fowlie,erikafowlie@supinfo.com,4GDPR,Tours21
1599,Dale,MacGilmartin,dalemacgilmartin@supinfo.com,2DTTL,Distanciel21
1797,Ade,Berston,adeberston@supinfo.com,2DVST,Lyon21
1698,Niko,Woollin,nikowoollin@supinfo.com,1WDEV,Paris21
1430,Pietro,McPaike,pietromcpaike@supinfo.com,1WDEV,Tours21
1681,Ramsay,Sickert,ramsaysickert@supinfo.com,5RBIG,Lyon21
1265,Nissy,Dugall,nissydugall@supinfo.com,4SECU,Lille21
217,Francklin,Varnes,francklinvarnes@supinfo.com,5RBIG,Tours21
615,Ingaberg,Forde,ingabergforde@supinfo.com,4AZUR,Tours21
1405,Tabby,Dussy,tabbydussy@supinfo.com,3AGIL,Tours21
1767,Dorena,Hardwin,dorenahardwin@supinfo.com,3ASPC,Lyon21
674,Schuyler,Hateley,schuylerhateley@supinfo.com,1TEAM,Caen21
1106,Lotta,Laherty,lottalaherty@supinfo.com,5DATA,Distanciel21
1605,Darill,Chester,darillchester@supinfo.com,1PYTH,Lyon21
1501,Mia,Fealey,miafealey@supinfo.com,2JAVA,Tours21
1056,Thor,MacKeeg,thormackeeg@supinfo.com,2DVST,Caen21
1197,Fleurette,Ternott,fleuretteternott@supinfo.com,3AGIL,Lyon21
934,Jeannette,Filan,jeannettefilan@supinfo.com,5DOOP,Lille21
107,Saba,Trinder,sabatrinder@supinfo.com,3CCNA,Tours21
1044,Aymer,Dennehy,aymerdennehy@supinfo.com,5DATA,Tours21
740,Myrna,Holsall,myrnaholsall@supinfo.com,5DOOP,Tours21
1967,Ebonee,Youle,eboneeyoule@supinfo.com,4DOCKR,Caen21
978,Randie,Aldersley,randiealdersley@supinfo.com,1TEAM,Lyon21
1865,Myriam,Kepling,myriamkepling@supinfo.com,4CHGM,Lille21
1536,Felicle,Aylott,felicleaylott@supinfo.com,5DATA,Lyon21
1043,Austin,Stanborough,austinstanborough@supinfo.com,1WORK,Tours21
470,Helsa,Kilbey,helsakilbey@supinfo.com,5ITIL,Caen21
570,Stacia,Belden,staciabelden@supinfo.com,2DVST,Caen21
1700,Joanie,Armatys,joaniearmatys@supinfo.com,3ASPC,Paris21
63,Theodosia,Jacobovitz,theodosiajacobovitz@supinfo.com,5DATA,Tours21
1649,Alvis,Vickers,alvisvickers@supinfo.com,1O365,Lille21
1850,Dix,Bard,dixbard@supinfo.com,1ITWO,Lille21
1443,Webb,Studde,webbstudde@supinfo.com,5DOOP,Caen21
1526,Tate,Ripon,tateripon@supinfo.com,4BOSS,Lyon21
13,Billy,Dukes,billydukes@supinfo.com,5ITIL,Caen21
201,Hiram,Antonoyev,hiramantonoyev@supinfo.com,1TEAM,Lyon21
1971,Joleen,Pickover,joleenpickover@supinfo.com,4BOSS,Tours21
671,Wald,Parsons,waldparsons@supinfo.com,4BOSS,Distanciel21
895,Leopold,Whatsize,leopoldwhatsize@supinfo.com,5CCNA,Distanciel21
1559,Ardelis,Dupoy,ardelisdupoy@supinfo.com,4GDPR,Tours21
1498,Burton,Ellerby,burtonellerby@supinfo.com,1PYTH,Paris21
363,Kerry,Piell,kerrypiell@supinfo.com,1PYTH,Lyon21
1686,Rickard,Shelly,rickardshelly@supinfo.com,4BINT,Caen21
1697,Erv,Shaves,ervshaves@supinfo.com,4CHGM,Lille21
1395,Baxy,Capponeer,baxycapponeer@supinfo.com,1O365,Lille21
1029,Erskine,Stansall,erskinestansall@supinfo.com,3AGIL,Lyon21
712,Becki,Fonquernie,beckifonquernie@supinfo.com,2AWSP,Distanciel21
576,Carola,Shillam,carolashillam@supinfo.com,5DOOP,Distanciel21
1094,Lonnie,Franceschelli,lonniefranceschelli@supinfo.com,5DOOP,Lille21
1523,Latisha,Mathys,latishamathys@supinfo.com,5CCNA,Lyon21
106,Sterling,Miklem,sterlingmiklem@supinfo.com,1WDEV,Caen21
1459,Jen,Danilin,jendanilin@supinfo.com,2JAVA,Tours21
677,Shermie,Grane,shermiegrane@supinfo.com,3CCNA,Distanciel21
1580,Baxy,Issacson,baxyissacson@supinfo.com,5RBIG,Distanciel21
662,Nixie,Finder,nixiefinder@supinfo.com,3ASPC,Tours21
40,Waverly,Celloni,waverlycelloni@supinfo.com,4DOCKR,Distanciel21
695,Aube,Hazeltine,aubehazeltine@supinfo.com,3ASPC,Distanciel21
863,Genny,Beart,gennybeart@supinfo.com,1PYTH,Distanciel21
1696,Alida,Nowick,alidanowick@supinfo.com,2GRAP,Lyon21
1852,Marsha,Moncrefe,marshamoncrefe@supinfo.com,4GDPR,Lille21
501,Larisa,Shapcote,larisashapcote@supinfo.com,1TEAM,Tours21
1249,Rina,Jorden,rinajorden@supinfo.com,5BLOC,Paris21
1311,Irma,Tunnicliff,irmatunnicliff@supinfo.com,2GRAP,Tours21
611,Damon,Philipard,damonphilipard@supinfo.com,1PYTH,Tours21
937,Rab,Annett,rabannett@supinfo.com,4CHGM,Distanciel21
1929,Homer,Stummeyer,homerstummeyer@supinfo.com,2DVST,Lille21
1583,Ethe,Sealeaf,ethesealeaf@supinfo.com,4GDPR,Distanciel21
495,Corena,Emer,corenaemer@supinfo.com,5RBIG,Lyon21
627,Boot,Havard,boothavard@supinfo.com,1ITWO,Distanciel21
488,Dinnie,Duns,dinnieduns@supinfo.com,2DTTL,Caen21
888,Schuyler,Muttock,schuylermuttock@supinfo.com,1ITWO,Lyon21
1525,Geno,Lavarack,genolavarack@supinfo.com,2DVST,Paris21
1968,Maurita,Galtone,mauritagaltone@supinfo.com,4SECU,Paris21
294,Meredith,Ginie,meredithginie@supinfo.com,2DTTL,Lille21
515,Konstantine,Beining,konstantinebeining@supinfo.com,5DOOP,Paris21
84,Jozef,Espie,jozefespie@supinfo.com,5DATA,Paris21
1560,Alfred,Burgyn,alfredburgyn@supinfo.com,2GRAP,Tours21
850,Samantha,Wainscoat,samanthawainscoat@supinfo.com,3LPIC,Lyon21
1710,Jessamine,Lefwich,jessaminelefwich@supinfo.com,3ANDM,Lyon21
1647,Frederique,Besantie,frederiquebesantie@supinfo.com,4SECU,Lyon21
864,Mose,Widdowes,mosewiddowes@supinfo.com,1PYTH,Paris21
1581,Marysa,Tylor,marysatylor@supinfo.com,1PYTH,Distanciel21
1179,Alvy,Niese,alvyniese@supinfo.com,3ASPC,Distanciel21
18,Anjela,Bellworthy,anjelabellworthy@supinfo.com,3LPIC,Lille21
1918,Conny,Osbidston,connyosbidston@supinfo.com,1ITWO,Paris21
1917,Janetta,Eastridge,janettaeastridge@supinfo.com,4CHGM,Paris21
1512,Norbie,Kumar,norbiekumar@supinfo.com,5DOOP,Distanciel21
1652,Samson,Surgood,samsonsurgood@supinfo.com,4GDPR,Lyon21
469,Allyn,Widocks,allynwidocks@supinfo.com,3CCNA,Tours21
773,Rycca,Spivey,ryccaspivey@supinfo.com,2PHPD,Distanciel21
1462,Amelia,Dolohunty,ameliadolohunty@supinfo.com,3CCNA,Tours21
251,Hal,Fayers,halfayers@supinfo.com,5CCNA,Caen21
1332,Siusan,Daouze,siusandaouze@supinfo.com,2DVST,Tours21
1344,Kally,Abel,kallyabel@supinfo.com,4CHGM,Tours21
1786,Pavlov,Abramovici,pavlovabramovici@supinfo.com,3AGIL,Paris21
433,Bjorn,Patshull,bjornpatshull@supinfo.com,4BINT,Distanciel21
710,Trude,Rivallant,truderivallant@supinfo.com,2JAVA,Tours21
1945,Morley,Littleproud,morleylittleproud@supinfo.com,2DVST,Lille21
909,Kippy,Kohlerman,kippykohlerman@supinfo.com,2AWSP,Lille21
1896,Filip,Shawyer,filipshawyer@supinfo.com,1PYTH,Distanciel21
454,Christie,Sodeau,christiesodeau@supinfo.com,1O365,Tours21
1435,Lezley,Gallihaulk,lezleygallihaulk@supinfo.com,2JAVA,Caen21
1854,Delora,Anelay,deloraanelay@supinfo.com,1ITWO,Distanciel21
323,Consuelo,Meconi,consuelomeconi@supinfo.com,2PHPD,Tours21
425,Annecorinne,Agneau,annecorinneagneau@supinfo.com,2PHPD,Tours21
1570,Min,Thombleson,minthombleson@supinfo.com,5ITIL,Tours21
1933,Henriette,Castillo,henriettecastillo@supinfo.com,4BINT,Caen21
719,Sammie,Persse,sammiepersse@supinfo.com,3ANDM,Paris21
1355,Arda,Bizzey,ardabizzey@supinfo.com,3AGIL,Caen21
66,Verile,Gurr,verilegurr@supinfo.com,1O365,Lille21
1408,Demetria,Castanho,demetriacastanho@supinfo.com,4GDPR,Lyon21
483,Lazaro,Timms,lazarotimms@supinfo.com,2DVST,Distanciel21
1800,Carri,Deveral,carrideveral@supinfo.com,5BLOC,Paris21
60,Garner,Goldney,garnergoldney@supinfo.com,5ITIL,Paris21
1587,Lela,Crowder,lelacrowder@supinfo.com,4BINT,Paris21
778,Peggi,McCluin,peggimccluin@supinfo.com,2PHPD,Distanciel21
982,Batsheva,Sandaver,batshevasandaver@supinfo.com,5ITIL,Paris21
1437,Ozzy,Beiderbecke,ozzybeiderbecke@supinfo.com,2AWSP,Lyon21
245,Durante,McKain,durantemckain@supinfo.com,2DTTL,Caen21
224,Kipp,Carillo,kippcarillo@supinfo.com,2DVST,Tours21
525,Pat,Land,patland@supinfo.com,2DVST,Tours21
970,Sharlene,Coombs,sharlenecoombs@supinfo.com,5CCNA,Tours21
216,Stanley,Hurley,stanleyhurley@supinfo.com,3AGIL,Paris21
1977,Elfrida,Bretherton,elfridabretherton@supinfo.com,2AWSP,Distanciel21
63,Wiatt,McLaughlan,wiattmclaughlan@supinfo.com,2JAVA,Distanciel21
1488,Ula,Tibbs,ulatibbs@supinfo.com,1TEAM,Tours21
1725,Felita,Gatus,felitagatus@supinfo.com,3ANDM,Lille21
1690,Mariette,Rojel,marietterojel@supinfo.com,4BOSS,Tours21
1423,Anders,Gutch,andersgutch@supinfo.com,4SECU,Lyon21
824,Elbert,Vidgeon,elbertvidgeon@supinfo.com,4SECU,Lille21
1796,Arlinda,Stanway,arlindastanway@supinfo.com,5BLOC,Lille21
1464,Nissie,Kellick,nissiekellick@supinfo.com,3ASPC,Paris21
1697,Sherwin,Hynson,sherwinhynson@supinfo.com,4SECU,Lyon21
1030,Davey,Allin,daveyallin@supinfo.com,5DATA,Paris21
1324,Titus,Chaim,tituschaim@supinfo.com,3CCNA,Lille21
1730,Jessica,Luke,jessicaluke@supinfo.com,4GDPR,Lyon21
359,Leonhard,Schulkins,leonhardschulkins@supinfo.com,5DATA,Tours21
1344,Darnell,MacGregor,darnellmacgregor@supinfo.com,1TEAM,Distanciel21
427,Joelly,Whorlow,joellywhorlow@supinfo.com,2DTTL,Lille21
1219,Anthony,McFaul,anthonymcfaul@supinfo.com,1O365,Paris21
18,Lyda,Impson,lydaimpson@supinfo.com,3AGIL,Paris21
576,Devina,Bowich,devinabowich@supinfo.com,5CCNA,Caen21
1836,Louisa,Canto,louisacanto@supinfo.com,1TEAM,Distanciel21
930,Quint,Grabb,quintgrabb@supinfo.com,1WORK,Distanciel21
1656,Leon,Furse,leonfurse@supinfo.com,4BOSS,Lyon21
1750,Blondell,Hurne,blondellhurne@supinfo.com,5DATA,Lyon21
1867,Odelle,Robeiro,odellerobeiro@supinfo.com,5DOOP,Lyon21
31,Nolly,Bewshire,nollybewshire@supinfo.com,3AGIL,Tours21
635,Babara,Bush,babarabush@supinfo.com,5DOOP,Lyon21
524,Land,Geraldi,landgeraldi@supinfo.com,1ITWO,Lille21
279,Carmela,Gutridge,carmelagutridge@supinfo.com,5BLOC,Lyon21
280,Robinia,Roake,robiniaroake@supinfo.com,1PYTH,Paris21
1926,Byran,Clinch,byranclinch@supinfo.com,2DTTL,Distanciel21
1937,Chlo,Donald,chlodonald@supinfo.com,2DTTL,Caen21
1487,Quinn,Burkinshaw,quinnburkinshaw@supinfo.com,3AGIL,Distanciel21
1946,Sterne,Behrend,sternebehrend@supinfo.com,5CCNA,Lyon21
1108,Agatha,Dingate,agathadingate@supinfo.com,5RBIG,Lyon21
131,Damian,Halksworth,damianhalksworth@supinfo.com,3CCNA,Distanciel21
1637,Michelle,Pattingson,michellepattingson@supinfo.com,4GDPR,Paris21
133,Marthe,Noddles,marthenoddles@supinfo.com,2JAVA,Lille21
1944,Georg,Bassick,georgbassick@supinfo.com,5BLOC,Distanciel21
522,Michaela,Fursland,michaelafursland@supinfo.com,3AGIL,Tours21
4,Selle,Vergine,sellevergine@supinfo.com,3AGIL,Lille21
1960,Eba,Gyppes,ebagyppes@supinfo.com,4BINT,Caen21
213,Donnajean,Chestle,donnajeanchestle@supinfo.com,1TEAM,Distanciel21
672,Boonie,Skowcraft,boonieskowcraft@supinfo.com,4DOCKR,Lille21
627,Evangelina,McBay,evangelinamcbay@supinfo.com,4BINT,Caen21
1469,Bale,Poznanski,balepoznanski@supinfo.com,3ANDM,Paris21
1909,Andra,Klyner,andraklyner@supinfo.com,2DVST,Tours21
384,Stu,Greengrass,stugreengrass@supinfo.com,2GRAP,Tours21
1689,Emelina,Corradi,emelinacorradi@supinfo.com,1PYTH,Distanciel21
841,Vance,Dorian,vancedorian@supinfo.com,5DOOP,Tours21
1437,Artemas,Currm,artemascurrm@supinfo.com,5ITIL,Lille21
657,Vickie,Shakshaft,vickieshakshaft@supinfo.com,5BLOC,Lille21
1613,Niki,Lafrentz,nikilafrentz@supinfo.com,2PHPD,Lyon21
1551,Johnna,Brugmann,johnnabrugmann@supinfo.com,2GRAP,Distanciel21
411,Wolfy,Paladino,wolfypaladino@supinfo.com,2GRAP,Tours21
1328,Tori,McAdam,torimcadam@supinfo.com,2DVST,Paris21
647,Padraic,Miettinen,padraicmiettinen@supinfo.com,4GDPR,Tours21
1578,Adler,Laughnan,adlerlaughnan@supinfo.com,5CCNA,Tours21
1228,Hayden,Birchner,haydenbirchner@supinfo.com,2JAVA,Distanciel21
794,Frieda,Kalinsky,friedakalinsky@supinfo.com,3AGIL,Paris21
377,Ivor,Duro,ivorduro@supinfo.com,5ITIL,Distanciel21
1423,Bryan,Jolliff,bryanjolliff@supinfo.com,5BLOC,Lille21
1046,Hazel,Sturte,hazelsturte@supinfo.com,4DOCKR,Distanciel21
799,Klaus,Yurmanovev,klausyurmanovev@supinfo.com,4GDPR,Tours21
1223,Abbye,Shipman,abbyeshipman@supinfo.com,4BINT,Lyon21
232,Roseline,Dunn,roselinedunn@supinfo.com,3CCNA,Lille21
87,Anni,Thorington,annithorington@supinfo.com,3ANDM,Paris21
717,Gal,Tearny,galtearny@supinfo.com,5BLOC,Tours21
642,Donny,Kiss,donnykiss@supinfo.com,3ASPC,Caen21
405,Peria,Bolton,periabolton@supinfo.com,1TEAM,Distanciel21
791,Bette,Linge,bettelinge@supinfo.com,2DTTL,Lille21
1986,Lucien,Heake,lucienheake@supinfo.com,1TEAM,Caen21
1760,Lennard,Gater,lennardgater@supinfo.com,4SECU,Lyon21
1442,Doy,Bunning,doybunning@supinfo.com,3ANDM,Caen21
459,Hamlen,Huxstep,hamlenhuxstep@supinfo.com,5DATA,Distanciel21
267,Killian,Montes,killianmontes@supinfo.com,5DATA,Distanciel21
1866,Wallie,Heal,wallieheal@supinfo.com,3CCNA,Lyon21
1093,Locke,Cairney,lockecairney@supinfo.com,2AWSP,Lyon21
814,Marcelline,Averay,marcellineaveray@supinfo.com,1TEAM,Lyon21
389,Carlyle,Fouracre,carlylefouracre@supinfo.com,1WORK,Lille21
1883,Shirl,Boutell,shirlboutell@supinfo.com,5DATA,Caen21
921,Sherie,Skipton,sherieskipton@supinfo.com,4GDPR,Caen21
795,Victoria,Simoncini,victoriasimoncini@supinfo.com,5CCNA,Caen21
1364,Reilly,Arp,reillyarp@supinfo.com,3ANDM,Caen21
1412,Aubrey,Gething,aubreygething@supinfo.com,3LPIC,Distanciel21
312,Raymund,Cadigan,raymundcadigan@supinfo.com,5DOOP,Paris21
1653,Carleen,Newell,carleennewell@supinfo.com,4BINT,Caen21
1442,Dud,Duprey,dudduprey@supinfo.com,4BINT,Tours21
226,Leonhard,Ortells,leonhardortells@supinfo.com,5BLOC,Distanciel21
1962,Howard,Turneaux,howardturneaux@supinfo.com,3ANDM,Distanciel21
181,Willey,De Gouy,willeyde gouy@supinfo.com,1WDEV,Tours21
653,Englebert,Juschka,englebertjuschka@supinfo.com,5DOOP,Tours21
113,Silvanus,Ellit,silvanusellit@supinfo.com,5ITIL,Distanciel21
973,Aluino,Pauletti,aluinopauletti@supinfo.com,3CCNA,Paris21
1175,Celene,Beare,celenebeare@supinfo.com,1O365,Lyon21
690,Blaire,McGhie,blairemcghie@supinfo.com,3AGIL,Lyon21
796,Joanna,Kempston,joannakempston@supinfo.com,1WORK,Caen21
1250,Jay,Dabney,jaydabney@supinfo.com,5BLOC,Lyon21
37,Lawton,Whitnell,lawtonwhitnell@supinfo.com,4SECU,Lyon21
1222,Aurie,Fairnington,auriefairnington@supinfo.com,3ASPC,Caen21
1284,Alina,Jannequin,alinajannequin@supinfo.com,1WORK,Lille21
532,Gare,Dayer,garedayer@supinfo.com,5DATA,Lille21
840,Orion,Lilburne,orionlilburne@supinfo.com,3AGIL,Lyon21
776,Shelbi,Jzak,shelbijzak@supinfo.com,3CCNA,Distanciel21
1448,Dickie,Sorrell,dickiesorrell@supinfo.com,3LPIC,Lyon21
1169,Leona,Hawford,leonahawford@supinfo.com,1ITWO,Distanciel21
205,Bab,Caunter,babcaunter@supinfo.com,5CCNA,Lyon21
1580,Flossie,Taveriner,flossietaveriner@supinfo.com,2AWSP,Caen21
1164,Ranee,Cumbridge,raneecumbridge@supinfo.com,2PHPD,Caen21
1481,Darcie,Swanton,darcieswanton@supinfo.com,1TEAM,Lyon21
150,Bowie,Ugoletti,bowieugoletti@supinfo.com,1TEAM,Lille21
596,Constantino,Hutten,constantinohutten@supinfo.com,4GDPR,Paris21
115,Joy,Goves,joygoves@supinfo.com,3ANDM,Lille21
278,Zebulen,Schenfisch,zebulenschenfisch@supinfo.com,3ANDM,Caen21
1558,Bernardine,Clausner,bernardineclausner@supinfo.com,4DOCKR,Paris21
25,Ross,Bonder,rossbonder@supinfo.com,1ITWO,Caen21
1474,Freddy,Conti,freddyconti@supinfo.com,4DOCKR,Paris21
162,Tammy,Quogan,tammyquogan@supinfo.com,1TEAM,Paris21
1115,Esme,Girauld,esmegirauld@supinfo.com,3AGIL,Lyon21
561,Ferne,Harling,ferneharling@supinfo.com,3AGIL,Lille21
1366,Jeni,Duffie,jeniduffie@supinfo.com,5RBIG,Tours21
645,Willamina,Gallemore,willaminagallemore@supinfo.com,5RBIG,Caen21
782,Kathrine,Delacoste,kathrinedelacoste@supinfo.com,2GRAP,Caen21
1278,Eachelle,Dallywater,eachelledallywater@supinfo.com,1WDEV,Tours21
1563,Simone,Dabourne,simonedabourne@supinfo.com,3AGIL,Tours21
1026,Trey,Humbey,treyhumbey@supinfo.com,4SECU,Caen21
1740,Tommie,Ogilby,tommieogilby@supinfo.com,4GDPR,Tours21
523,Ilysa,Yter,ilysayter@supinfo.com,4CHGM,Lyon21
848,Farley,Kuhndel,farleykuhndel@supinfo.com,4CHGM,Lille21
77,Kirstin,Schoffel,kirstinschoffel@supinfo.com,3ASPC,Distanciel21
261,Reggi,Wherton,reggiwherton@supinfo.com,4AZUR,Caen21
702,Shadow,Thoresby,shadowthoresby@supinfo.com,2GRAP,Lille21
315,Bernadene,Gounel,bernadenegounel@supinfo.com,1ITWO,Lyon21
753,Thomas,Baldelli,thomasbaldelli@supinfo.com,2JAVA,Lille21
1690,Kenon,Hay,kenonhay@supinfo.com,5DOOP,Lyon21
269,Mommy,Paraman,mommyparaman@supinfo.com,5DOOP,Lyon21
359,Joan,Shotbolt,joanshotbolt@supinfo.com,2PHPD,Lille21
1996,Katinka,Claffey,katinkaclaffey@supinfo.com,5BLOC,Lille21
463,Fayth,Lynam,faythlynam@supinfo.com,5DATA,Distanciel21
281,Catlaina,Antonellini,catlainaantonellini@supinfo.com,3AGIL,Caen21
45,Rodie,Stockell,rodiestockell@supinfo.com,5DOOP,Caen21
823,Camala,Eckert,camalaeckert@supinfo.com,4DOCKR,Distanciel21
992,Merrill,Manford,merrillmanford@supinfo.com,4BINT,Distanciel21
244,Phillie,Bluschke,philliebluschke@supinfo.com,2GRAP,Distanciel21
1791,Danyette,Aers,danyetteaers@supinfo.com,1WDEV,Paris21
1393,Vallie,Bussetti,valliebussetti@supinfo.com,3ASPC,Lyon21
1092,Cobby,Turn,cobbyturn@supinfo.com,4SECU,Paris21
259,Luelle,Vallender,luellevallender@supinfo.com,3AGIL,Distanciel21
1669,Angela,Wimmer,angelawimmer@supinfo.com,3LPIC,Lille21
206,Urbain,Lechelle,urbainlechelle@supinfo.com,5ITIL,Caen21
136,Gretta,Saile,grettasaile@supinfo.com,5CCNA,Distanciel21
1556,Catherin,Blunsum,catherinblunsum@supinfo.com,2GRAP,Lille21
82,Teodora,Ricca,teodoraricca@supinfo.com,4BOSS,Paris21
372,Dahlia,Woodruffe,dahliawoodruffe@supinfo.com,3AGIL,Tours21
205,Sterne,Claussen,sterneclaussen@supinfo.com,4GDPR,Lille21
1993,Meggy,Milesop,meggymilesop@supinfo.com,4DOCKR,Paris21
632,Elston,Cowgill,elstoncowgill@supinfo.com,4CHGM,Paris21
1346,Ninon,Botwright,ninonbotwright@supinfo.com,2GRAP,Tours21
507,Valerie,Dransfield,valeriedransfield@supinfo.com,1WORK,Paris21
1273,Frederick,Hedley,frederickhedley@supinfo.com,4BOSS,Distanciel21
1821,Corty,Brimelow,cortybrimelow@supinfo.com,5DOOP,Tours21
651,Dori,Blore,doriblore@supinfo.com,1WDEV,Caen21
361,Windy,Banfield,windybanfield@supinfo.com,2DVST,Tours21
1100,Allix,Careswell,allixcareswell@supinfo.com,4BINT,Lyon21
1887,Raoul,Manilove,raoulmanilove@supinfo.com,4GDPR,Tours21
190,Keane,Cantle,keanecantle@supinfo.com,3AGIL,Lille21
649,Levey,Gramer,leveygramer@supinfo.com,5DATA,Distanciel21
1804,Christal,O'Dyvoy,christalo'dyvoy@supinfo.com,2DTTL,Distanciel21
767,Veronike,Collens,veronikecollens@supinfo.com,1ITWO,Lyon21
1726,Llewellyn,Paragreen,llewellynparagreen@supinfo.com,4AZUR,Distanciel21
389,Benny,Lautie,bennylautie@supinfo.com,5DOOP,Lille21
1770,Blane,Bigley,blanebigley@supinfo.com,4GDPR,Distanciel21
1274,Payton,Sorrill,paytonsorrill@supinfo.com,5DOOP,Distanciel21
292,Loretta,Stockall,lorettastockall@supinfo.com,3CCNA,Caen21
447,Adda,Overington,addaoverington@supinfo.com,3ANDM,Caen21
650,Edgard,Fritzer,edgardfritzer@supinfo.com,1WDEV,Caen21
79,Yvon,Butte,yvonbutte@supinfo.com,2GRAP,Caen21
416,Bree,Gardner,breegardner@supinfo.com,4AZUR,Distanciel21
1103,Chrissie,Havis,chrissiehavis@supinfo.com,4SECU,Tours21
1525,Alvinia,Mozzini,alviniamozzini@supinfo.com,3CCNA,Lyon21
97,Ax,Hargess,axhargess@supinfo.com,2AWSP,Paris21
906,Matelda,Mallinson,mateldamallinson@supinfo.com,3ANDM,Lyon21
1064,Jolene,Shuxsmith,joleneshuxsmith@supinfo.com,5DATA,Tours21
803,Maryl,Brearton,marylbrearton@supinfo.com,1WDEV,Distanciel21
471,Micaela,Stetson,micaelastetson@supinfo.com,4SECU,Lille21
1679,Bernadina,Fawdrie,bernadinafawdrie@supinfo.com,2AWSP,Lille21
97,Duffie,Beaton,duffiebeaton@supinfo.com,2DVST,Distanciel21
261,Sheelah,Ensten,sheelahensten@supinfo.com,2AWSP,Caen21
1694,Dougy,Bastow,dougybastow@supinfo.com,3CCNA,Lyon21
1140,Vanya,Lys,vanyalys@supinfo.com,3ANDM,Paris21
1805,Timmy,Beagrie,timmybeagrie@supinfo.com,1O365,Lille21
468,Trudey,Layzell,trudeylayzell@supinfo.com,1WDEV,Distanciel21
97,Bianka,Bromby,biankabromby@supinfo.com,5ITIL,Lille21
1239,Ophelia,Macvey,opheliamacvey@supinfo.com,4GDPR,Tours21
1908,Ezequiel,O'Mahoney,ezequielo'mahoney@supinfo.com,5DATA,Paris21
336,Meara,Ferronel,mearaferronel@supinfo.com,1ITWO,Distanciel21
1374,Jerrome,Christophersen,jerromechristophersen@supinfo.com,1TEAM,Distanciel21
765,Wenda,Reglar,wendareglar@supinfo.com,3ANDM,Paris21
1532,Ertha,Barlas,erthabarlas@supinfo.com,5DOOP,Distanciel21
1015,Thorvald,Scobie,thorvaldscobie@supinfo.com,4SECU,Paris21
637,Trescha,Gipp,treschagipp@supinfo.com,5BLOC,Distanciel21
1493,Trenna,Schaumann,trennaschaumann@supinfo.com,5BLOC,Tours21
470,Irina,Buse,irinabuse@supinfo.com,2PHPD,Tours21
70,Dukey,Schulken,dukeyschulken@supinfo.com,1WORK,Distanciel21
1623,Alexis,Downs,alexisdowns@supinfo.com,3CCNA,Caen21
1565,Bertie,Maudson,bertiemaudson@supinfo.com,4SECU,Distanciel21
205,Reggie,Snel,reggiesnel@supinfo.com,1PYTH,Paris21
294,Jay,Popley,jaypopley@supinfo.com,4GDPR,Paris21
1499,Midge,Ecles,midgeecles@supinfo.com,4GDPR,Lille21
1734,Cleveland,Valentin,clevelandvalentin@supinfo.com,5DOOP,Distanciel21
1604,Shellie,Abelwhite,shellieabelwhite@supinfo.com,4CHGM,Lille21
1180,Amitie,Middlehurst,amitiemiddlehurst@supinfo.com,4BINT,Distanciel21
19,Celestina,Ethington,celestinaethington@supinfo.com,2GRAP,Lille21
1843,Darn,Turnell,darnturnell@supinfo.com,5BLOC,Lille21
921,Kelley,Clayal,kelleyclayal@supinfo.com,5CCNA,Caen21
1484,Julienne,Utterson,julienneutterson@supinfo.com,2PHPD,Caen21
360,Grover,Pittson,groverpittson@supinfo.com,2GRAP,Lyon21
619,Bertha,Cassey,berthacassey@supinfo.com,2JAVA,Tours21
1975,Sibby,Coulston,sibbycoulston@supinfo.com,1TEAM,Lille21
513,Ania,O'Hearn,aniao'hearn@supinfo.com,2DVST,Paris21
1957,Stanleigh,Howatt,stanleighhowatt@supinfo.com,4SECU,Lyon21
29,Nyssa,Leyre,nyssaleyre@supinfo.com,3ANDM,Tours21
1094,Halsy,Dirkin,halsydirkin@supinfo.com,2DVST,Tours21
899,Easter,Kaliszewski,easterkaliszewski@supinfo.com,1PYTH,Distanciel21
1009,Codie,Brosio,codiebrosio@supinfo.com,3ANDM,Tours21
680,Elvera,Nys,elveranys@supinfo.com,2AWSP,Caen21
1557,Rupert,Tamblyn,ruperttamblyn@supinfo.com,5CCNA,Paris21
1224,Reilly,McLagain,reillymclagain@supinfo.com,4CHGM,Tours21
1203,Killian,Mathissen,killianmathissen@supinfo.com,3LPIC,Paris21
1695,Veronique,Fulle,veroniquefulle@supinfo.com,4DOCKR,Lyon21
5,Rebecca,Bercevelo,rebeccabercevelo@supinfo.com,5ITIL,Lyon21
320,Claude,Beert,claudebeert@supinfo.com,2JAVA,Lille21
1087,Chevy,Bartlosz,chevybartlosz@supinfo.com,2JAVA,Lille21
328,Malchy,McClenaghan,malchymcclenaghan@supinfo.com,4SECU,Caen21
464,Wileen,Lapere,wileenlapere@supinfo.com,4BINT,Lyon21
1641,Shirlee,Seakin,shirleeseakin@supinfo.com,5CCNA,Caen21
1706,Glen,Brigginshaw,glenbrigginshaw@supinfo.com,2JAVA,Lyon21
1188,Elly,Dennison,ellydennison@supinfo.com,5RBIG,Paris21
188,Roobbie,Knolles-Green,roobbieknolles-green@supinfo.com,3AGIL,Paris21
1993,Drucill,Krzysztof,drucillkrzysztof@supinfo.com,1WORK,Distanciel21
1373,Dimitri,Hughson,dimitrihughson@supinfo.com,4BINT,Paris21
1760,Vale,Eddisford,valeeddisford@supinfo.com,2PHPD,Lyon21
1029,Maxie,Bertolaccini,maxiebertolaccini@supinfo.com,4BOSS,Distanciel21
541,Olly,Gedge,ollygedge@supinfo.com,4DOCKR,Caen21
683,Marketa,Tickle,marketatickle@supinfo.com,4BINT,Lille21
418,Travers,Sapseed,traverssapseed@supinfo.com,4SECU,Caen21
1869,Trumann,Jurca,trumannjurca@supinfo.com,2AWSP,Paris21
994,Daisey,Peabody,daiseypeabody@supinfo.com,1WDEV,Lille21
1783,Bertrand,McNalley,bertrandmcnalley@supinfo.com,3ASPC,Paris21
122,Lita,McGlaughn,litamcglaughn@supinfo.com,5ITIL,Tours21
376,Val,Gemlett,valgemlett@supinfo.com,5RBIG,Lyon21
718,Rosemarie,Deegan,rosemariedeegan@supinfo.com,1ITWO,Lille21
1001,Janelle,Baglow,janellebaglow@supinfo.com,2AWSP,Tours21
818,Jolee,Brewitt,joleebrewitt@supinfo.com,3CCNA,Lille21
915,Odilia,Loyd,odilialoyd@supinfo.com,5DOOP,Lyon21
852,Anabal,Vobes,anabalvobes@supinfo.com,5BLOC,Lille21
330,Dyanne,Bithany,dyannebithany@supinfo.com,4GDPR,Lyon21
1528,Trevar,Pember,trevarpember@supinfo.com,1PYTH,Paris21
898,Lorenzo,Flores,lorenzoflores@supinfo.com,1PYTH,Lyon21
791,Suki,Chilvers,sukichilvers@supinfo.com,2DVST,Tours21
944,Kerstin,MacDavitt,kerstinmacdavitt@supinfo.com,2GRAP,Lyon21
929,Florry,Scarlon,florryscarlon@supinfo.com,2AWSP,Caen21
1794,Herold,Americi,heroldamerici@supinfo.com,2DTTL,Distanciel21
141,Carny,Dove,carnydove@supinfo.com,4AZUR,Lyon21
1806,Fields,Lumsdall,fieldslumsdall@supinfo.com,3ASPC,Lille21
1049,Kellie,Deuss,kelliedeuss@supinfo.com,4BOSS,Caen21
464,Janel,Baggiani,janelbaggiani@supinfo.com,4BINT,Lyon21
673,Nert,Sammons,nertsammons@supinfo.com,4CHGM,Lille21
284,Freddie,Gaddie,freddiegaddie@supinfo.com,4AZUR,Distanciel21
1907,Opal,Kearle,opalkearle@supinfo.com,2JAVA,Lille21
97,Lacy,Nutbeam,lacynutbeam@supinfo.com,3LPIC,Distanciel21
1428,Ofelia,Bletsor,ofeliabletsor@supinfo.com,2JAVA,Lille21
291,Hernando,Kiddle,hernandokiddle@supinfo.com,2DTTL,Caen21
550,Ruthe,Manueli,ruthemanueli@supinfo.com,1ITWO,Lyon21
1858,Monah,Mayhou,monahmayhou@supinfo.com,1TEAM,Caen21
1790,Montgomery,Antrim,montgomeryantrim@supinfo.com,4AZUR,Caen21
138,Jeffy,Joreau,jeffyjoreau@supinfo.com,4BOSS,Paris21
1995,Philippine,Bains,philippinebains@supinfo.com,5BLOC,Caen21
1676,Blinnie,Adderson,blinnieadderson@supinfo.com,5CCNA,Lille21
1095,Lucias,Leason,luciasleason@supinfo.com,4BOSS,Tours21
1560,Frannie,Blowes,frannieblowes@supinfo.com,1O365,Tours21
1759,Pattie,Rudwell,pattierudwell@supinfo.com,4AZUR,Distanciel21
1291,Halsey,Bradnocke,halseybradnocke@supinfo.com,4AZUR,Tours21
1250,Vasilis,Faraker,vasilisfaraker@supinfo.com,1WDEV,Lyon21
1933,Fernandina,Reast,fernandinareast@supinfo.com,5ITIL,Paris21
1996,Clayson,Baldree,claysonbaldree@supinfo.com,2JAVA,Paris21
18,Purcell,Bonick,purcellbonick@supinfo.com,1ITWO,Tours21
1478,Nevile,Lunbech,nevilelunbech@supinfo.com,5BLOC,Caen21
1304,Betsey,Malcolm,betseymalcolm@supinfo.com,3ASPC,Paris21
1917,Banky,Denisovo,bankydenisovo@supinfo.com,4GDPR,Lyon21
1561,Chelsy,Del Monte,chelsydel monte@supinfo.com,4CHGM,Tours21
1387,Dore,Tupie,doretupie@supinfo.com,5ITIL,Distanciel21
1792,Caroline,Langmaid,carolinelangmaid@supinfo.com,3CCNA,Lille21
666,Danica,Gasker,danicagasker@supinfo.com,3CCNA,Lyon21
277,Wiatt,Mapledoore,wiattmapledoore@supinfo.com,4AZUR,Lille21
1600,Hall,Thormwell,hallthormwell@supinfo.com,2AWSP,Tours21
583,Nettie,Eberz,nettieeberz@supinfo.com,5DOOP,Distanciel21
320,Irina,Strowan,irinastrowan@supinfo.com,4CHGM,Distanciel21
516,Lanna,Delleschi,lannadelleschi@supinfo.com,4AZUR,Caen21
1167,Avery,Foulcher,averyfoulcher@supinfo.com,3ASPC,Distanciel21
561,Stinky,Gaspero,stinkygaspero@supinfo.com,1WORK,Tours21
569,Nataline,Lambin,natalinelambin@supinfo.com,1WDEV,Distanciel21
67,Godfree,De Gowe,godfreede gowe@supinfo.com,5BLOC,Caen21
71,Kalila,Di Dello,kaliladi dello@supinfo.com,5RBIG,Caen21
340,Lewes,Hourigan,leweshourigan@supinfo.com,4BOSS,Distanciel21
1941,Jamil,Gookes,jamilgookes@supinfo.com,2JAVA,Tours21
1546,Quinn,Harrowsmith,quinnharrowsmith@supinfo.com,4BOSS,Lyon21
1700,Petronella,Gostridge,petronellagostridge@supinfo.com,4SECU,Lyon21
1142,Allianora,Pinock,allianorapinock@supinfo.com,4BINT,Lille21
664,Cordula,Harrison,cordulaharrison@supinfo.com,2PHPD,Caen21
844,Rubi,Knee,rubiknee@supinfo.com,1O365,Tours21
1649,Ruthe,De Biasio,ruthede biasio@supinfo.com,5CCNA,Tours21
114,Andre,Vesty,andrevesty@supinfo.com,3ASPC,Lille21
650,Muffin,MacGoun,muffinmacgoun@supinfo.com,3AGIL,Paris21
1241,Harlie,Chesshyre,harliechesshyre@supinfo.com,5RBIG,Distanciel21
104,Brien,O'Sullivan,brieno'sullivan@supinfo.com,4BINT,Caen21
801,Ashton,Runge,ashtonrunge@supinfo.com,4GDPR,Paris21
1918,Mallory,Sedgwick,mallorysedgwick@supinfo.com,1WDEV,Lille21
1234,Trude,Forsbey,trudeforsbey@supinfo.com,2DTTL,Lille21
1765,Louisette,Perrington,louisetteperrington@supinfo.com,2DVST,Tours21
435,Gwendolin,Gilbeart,gwendolingilbeart@supinfo.com,3ASPC,Paris21
1390,Mufinella,Kidston,mufinellakidston@supinfo.com,1O365,Tours21
1695,Troy,Coyish,troycoyish@supinfo.com,1WDEV,Distanciel21
107,Rand,Codron,randcodron@supinfo.com,1ITWO,Paris21
1481,Sutherlan,Garmston,sutherlangarmston@supinfo.com,1TEAM,Lyon21
801,Libbi,Balfe,libbibalfe@supinfo.com,2AWSP,Distanciel21
677,Caria,Giraldez,cariagiraldez@supinfo.com,5ITIL,Tours21
439,Madelaine,Kulicke,madelainekulicke@supinfo.com,3ASPC,Lyon21
1404,Torre,Madsen,torremadsen@supinfo.com,1WORK,Lyon21
1826,Calli,Rignoldes,callirignoldes@supinfo.com,3ASPC,Distanciel21
390,Panchito,Grishkov,panchitogrishkov@supinfo.com,2GRAP,Paris21
912,Phillis,Credland,philliscredland@supinfo.com,3AGIL,Caen21
1702,Laural,Coch,lauralcoch@supinfo.com,1ITWO,Lyon21
817,Averyl,Pires,averylpires@supinfo.com,4SECU,Paris21
1805,Andie,Pointing,andiepointing@supinfo.com,1WDEV,Caen21
1515,Faulkner,Sans,faulknersans@supinfo.com,5CCNA,Lille21
776,Krystal,Lynock,krystallynock@supinfo.com,1TEAM,Distanciel21
1523,Maje,Nodin,majenodin@supinfo.com,2JAVA,Lille21
268,Godart,Hanhard,godarthanhard@supinfo.com,2GRAP,Distanciel21
337,Janey,Tinniswood,janeytinniswood@supinfo.com,2JAVA,Lyon21
1755,Zena,Sharratt,zenasharratt@supinfo.com,4DOCKR,Lyon21
1784,Aguie,Turton,aguieturton@supinfo.com,1WORK,Distanciel21
459,Carmelina,Speak,carmelinaspeak@supinfo.com,5RBIG,Distanciel21
931,Georgie,McKmurrie,georgiemckmurrie@supinfo.com,4BOSS,Lille21
664,Bernelle,Turvie,bernelleturvie@supinfo.com,5DATA,Paris21
1687,Earvin,Ganiford,earvinganiford@supinfo.com,1WORK,Tours21
1429,Vanny,Pigot,vannypigot@supinfo.com,2DTTL,Tours21
1352,Ophelia,Itzcak,opheliaitzcak@supinfo.com,4DOCKR,Caen21
440,Clim,Cisar,climcisar@supinfo.com,4DOCKR,Paris21
1874,Susette,Pyott,susettepyott@supinfo.com,5CCNA,Lille21
441,Tara,Exton,taraexton@supinfo.com,5DATA,Lyon21
1193,Roderich,Yakovlev,roderichyakovlev@supinfo.com,4GDPR,Lyon21
121,Clair,Dewsbury,clairdewsbury@supinfo.com,4BINT,Paris21
1801,Thurston,Lazer,thurstonlazer@supinfo.com,2PHPD,Lyon21
1721,Gael,Jeavons,gaeljeavons@supinfo.com,1TEAM,Caen21
1980,Esra,Woolrich,esrawoolrich@supinfo.com,3LPIC,Lille21
1933,Daniele,Wooland,danielewooland@supinfo.com,4AZUR,Caen21
1513,Rosabelle,Smardon,rosabellesmardon@supinfo.com,1ITWO,Paris21
419,Nananne,McGahy,nanannemcgahy@supinfo.com,1PYTH,Lille21
1189,Christin,Phillippo,christinphillippo@supinfo.com,1WDEV,Distanciel21
1122,Joachim,Kamienski,joachimkamienski@supinfo.com,1WDEV,Tours21
1744,Temp,Novichenko,tempnovichenko@supinfo.com,5ITIL,Tours21
428,Ron,O'Sheeryne,rono'sheeryne@supinfo.com,2PHPD,Paris21
1234,Andrew,Werrit,andrewwerrit@supinfo.com,4CHGM,Tours21
255,Elisa,Soars,elisasoars@supinfo.com,4CHGM,Lyon21
1519,Marrilee,Hurkett,marrileehurkett@supinfo.com,3ANDM,Lille21
236,Merv,Rowlson,mervrowlson@supinfo.com,4DOCKR,Distanciel21
246,Rahel,Colter,rahelcolter@supinfo.com,2AWSP,Tours21
1432,Nelly,Sussems,nellysussems@supinfo.com,4DOCKR,Tours21
102,Rosalinde,Levett,rosalindelevett@supinfo.com,5ITIL,Caen21
1014,Randolph,Garred,randolphgarred@supinfo.com,2PHPD,Lyon21
442,Laurel,Lindmark,laurellindmark@supinfo.com,3AGIL,Lille21
1323,Alden,Blaber,aldenblaber@supinfo.com,3LPIC,Distanciel21
790,Urbain,Tows,urbaintows@supinfo.com,1ITWO,Lyon21
1024,Simone,Bakes,simonebakes@supinfo.com,1PYTH,Paris21
1362,Felicio,Eteen,felicioeteen@supinfo.com,3ASPC,Distanciel21
1475,Dale,Hampton,dalehampton@supinfo.com,4BINT,Paris21
519,Harlan,Empringham,harlanempringham@supinfo.com,2JAVA,Lille21
1300,Gerhardine,Wilks,gerhardinewilks@supinfo.com,4SECU,Paris21
1643,Woody,Harvie,woodyharvie@supinfo.com,1ITWO,Caen21
200,Nicola,Basek,nicolabasek@supinfo.com,1TEAM,Distanciel21
1049,Constantine,Lacase,constantinelacase@supinfo.com,1O365,Distanciel21
1457,Mike,Tabner,miketabner@supinfo.com,3LPIC,Paris21
91,Parker,Akaster,parkerakaster@supinfo.com,2DTTL,Distanciel21
1073,Hamid,Telling,hamidtelling@supinfo.com,5DATA,Distanciel21
773,Alan,Woffenden,alanwoffenden@supinfo.com,1PYTH,Caen21
514,Vernen,Gurry,vernengurry@supinfo.com,4SECU,Tours21
589,Charlton,Prater,charltonprater@supinfo.com,2JAVA,Caen21
899,Sharona,Pirt,sharonapirt@supinfo.com,1ITWO,Paris21
709,Renate,Ticehurst,renateticehurst@supinfo.com,2DTTL,Lyon21
402,Kane,Glasner,kaneglasner@supinfo.com,4SECU,Distanciel21
1769,Thomasina,Brightwell,thomasinabrightwell@supinfo.com,4BINT,Lyon21
1014,Oliviero,Coppen,olivierocoppen@supinfo.com,5DATA,Caen21
1534,Euphemia,Heard,euphemiaheard@supinfo.com,4AZUR,Lyon21
1448,Kent,Sacase,kentsacase@supinfo.com,5ITIL,Paris21
568,Madelene,Auchterlony,madeleneauchterlony@supinfo.com,2DVST,Lille21
1434,Emmery,Ramsby,emmeryramsby@supinfo.com,3CCNA,Tours21
1177,Lorry,Eames,lorryeames@supinfo.com,4AZUR,Lyon21
1208,Morganne,Munehay,morgannemunehay@supinfo.com,4GDPR,Paris21
537,Queenie,Strongitharm,queeniestrongitharm@supinfo.com,4AZUR,Caen21
1616,Kaye,MacGragh,kayemacgragh@supinfo.com,3LPIC,Paris21
51,Dyna,Juliff,dynajuliff@supinfo.com,4BOSS,Caen21
249,Lazar,Lanahan,lazarlanahan@supinfo.com,2DTTL,Tours21
177,Rivy,Dumbrall,rivydumbrall@supinfo.com,1TEAM,Lyon21
780,Marylin,Klimecki,marylinklimecki@supinfo.com,4AZUR,Tours21
1204,Sibella,Gussin,sibellagussin@supinfo.com,5BLOC,Tours21
233,Neall,Fredi,neallfredi@supinfo.com,5BLOC,Paris21
265,Jameson,Domenge,jamesondomenge@supinfo.com,1O365,Lyon21
1527,Bev,Catling,bevcatling@supinfo.com,5CCNA,Distanciel21
462,Lauretta,Corwood,laurettacorwood@supinfo.com,1WORK,Lille21
1102,Adolf,Djekovic,adolfdjekovic@supinfo.com,1WDEV,Lyon21
1280,Laurie,Redford,laurieredford@supinfo.com,4BINT,Paris21
775,Ev,Garken,evgarken@supinfo.com,2JAVA,Lyon21
1009,Carmine,Bottell,carminebottell@supinfo.com,4BOSS,Tours21
1674,Thatcher,Bramhill,thatcherbramhill@supinfo.com,1WDEV,Lyon21
10,Ailey,Frostdick,aileyfrostdick@supinfo.com,5BLOC,Paris21
1014,Earvin,Blakeborough,earvinblakeborough@supinfo.com,1WDEV,Distanciel21
1997,Jamison,Iwanowski,jamisoniwanowski@supinfo.com,1WDEV,Tours21
250,Jodie,Wilmore,jodiewilmore@supinfo.com,4DOCKR,Caen21
1064,Lance,Gitting,lancegitting@supinfo.com,4DOCKR,Tours21
892,Shannah,Awton,shannahawton@supinfo.com,5BLOC,Caen21
1467,Roddy,Lauga,roddylauga@supinfo.com,5BLOC,Caen21
448,Genevra,Berwick,genevraberwick@supinfo.com,5BLOC,Distanciel21
564,Germaine,Obert,germaineobert@supinfo.com,2JAVA,Lille21
1814,Marylynne,Gueinn,marylynnegueinn@supinfo.com,5DOOP,Paris21
1341,Cosimo,Treanor,cosimotreanor@supinfo.com,3ANDM,Paris21
1014,Saidee,Slides,saideeslides@supinfo.com,4BINT,Lyon21
1378,Elene,Baudain,elenebaudain@supinfo.com,4SECU,Lille21
664,Garry,Massimi,garrymassimi@supinfo.com,5RBIG,Lyon21
1073,Brendis,Prince,brendisprince@supinfo.com,2DVST,Caen21
460,Sallee,Giurio,salleegiurio@supinfo.com,5ITIL,Lille21
984,Marya,Linde,maryalinde@supinfo.com,4CHGM,Caen21
677,Kala,Lansdown,kalalansdown@supinfo.com,5CCNA,Paris21
1102,Bernie,Royan,bernieroyan@supinfo.com,2GRAP,Lyon21
595,Shandra,Senton,shandrasenton@supinfo.com,4DOCKR,Lyon21
483,Jakie,Swaffer,jakieswaffer@supinfo.com,1TEAM,Lyon21
1421,Wylma,Kleeborn,wylmakleeborn@supinfo.com,1WDEV,Caen21
760,Martainn,Faunt,martainnfaunt@supinfo.com,1O365,Lyon21
1016,Lynna,Swayte,lynnaswayte@supinfo.com,4GDPR,Distanciel21
1413,Lin,Baylis,linbaylis@supinfo.com,1O365,Lille21
602,Celesta,Hardeman,celestahardeman@supinfo.com,2GRAP,Caen21
1633,Clemmie,Biesinger,clemmiebiesinger@supinfo.com,1PYTH,Lyon21
340,Berkly,Alfonso,berklyalfonso@supinfo.com,3CCNA,Lyon21
623,Ruben,Bunhill,rubenbunhill@supinfo.com,1WORK,Tours21
24,Neville,Chamney,nevillechamney@supinfo.com,2PHPD,Paris21
1097,Fayina,Cosins,fayinacosins@supinfo.com,1TEAM,Lyon21
1525,Sharai,Spikeings,sharaispikeings@supinfo.com,3AGIL,Lille21
170,Clayton,Conaghy,claytonconaghy@supinfo.com,5ITIL,Lyon21
682,Philbert,Hattiff,philberthattiff@supinfo.com,2AWSP,Lyon21
1458,Dalli,Rosenfarb,dallirosenfarb@supinfo.com,5ITIL,Lille21
